"File name","WAVE0007.CSV","V 1.11"
"Title comment","1TEST"
"Trigger Time","21-08-01 19:51:43"
"Ch","Mode","Range","Comment","Scaling","Ratio","Offset"
"CH-1","Tc","2000 C","","OFF","-","-"
"CH-2","Tc","2000 C","","OFF","-","-"
"CH-3","Tc","2000 C","","OFF","-","-"
"CH-4","Tc","2000 C","","OFF","-","-"
"Time","CH-1[C]","CH-2[C]","CH-3[C]","CH-4[C]","Event",
 0.000000000E+00, 2.78000E+01, 2.79000E+01, 2.79000E+01, 2.75000E+01,0,
 1.000000000E+00, 2.78000E+01, 2.78000E+01, 2.79000E+01, 2.75000E+01,0,
 2.000000000E+00, 2.78000E+01, 2.79000E+01, 2.79000E+01, 2.75000E+01,0,
 3.000000000E+00, 2.78000E+01, 2.81000E+01, 2.79000E+01, 2.75000E+01,0,
 4.000000000E+00, 2.79000E+01, 2.82000E+01, 2.80000E+01, 2.75000E+01,0,
 5.000000000E+00, 2.79000E+01, 2.83000E+01, 2.80000E+01, 2.75000E+01,0,
 6.000000000E+00, 2.79000E+01, 2.84000E+01, 2.80000E+01, 2.75000E+01,0,
 7.000000000E+00, 2.79000E+01, 2.84000E+01, 2.81000E+01, 2.75000E+01,0,
 8.000000000E+00, 2.80000E+01, 2.85000E+01, 2.81000E+01, 2.75000E+01,0,
 9.000000000E+00, 2.80000E+01, 2.85000E+01, 2.82000E+01, 2.75000E+01,0,
 1.000000000E+01, 2.81000E+01, 2.86000E+01, 2.82000E+01, 2.75000E+01,0,
 1.100000000E+01, 2.82000E+01, 2.87000E+01, 2.83000E+01, 2.75000E+01,0,
 1.200000000E+01, 2.83000E+01, 2.89000E+01, 2.84000E+01, 2.75000E+01,0,
 1.300000000E+01, 2.84000E+01, 2.89000E+01, 2.84000E+01, 2.75000E+01,0,
 1.400000000E+01, 2.84000E+01, 2.90000E+01, 2.84000E+01, 2.75000E+01,0,
 1.500000000E+01, 2.85000E+01, 2.91000E+01, 2.85000E+01, 2.75000E+01,0,
 1.600000000E+01, 2.85000E+01, 2.91000E+01, 2.85000E+01, 2.75000E+01,0,
 1.700000000E+01, 2.86000E+01, 2.92000E+01, 2.85000E+01, 2.75000E+01,0,
 1.800000000E+01, 2.87000E+01, 2.92000E+01, 2.86000E+01, 2.75000E+01,0,
 1.900000000E+01, 2.87000E+01, 2.93000E+01, 2.87000E+01, 2.75000E+01,0,
 2.000000000E+01, 2.87000E+01, 2.94000E+01, 2.87000E+01, 2.75000E+01,0,
 2.100000000E+01, 2.88000E+01, 2.95000E+01, 2.88000E+01, 2.75000E+01,0,
 2.200000000E+01, 2.88000E+01, 2.95000E+01, 2.88000E+01, 2.75000E+01,0,
 2.300000000E+01, 2.89000E+01, 2.95000E+01, 2.89000E+01, 2.75000E+01,0,
 2.400000000E+01, 2.89000E+01, 2.96000E+01, 2.89000E+01, 2.75000E+01,0,
 2.500000000E+01, 2.90000E+01, 2.96000E+01, 2.90000E+01, 2.75000E+01,0,
 2.600000000E+01, 2.90000E+01, 2.96000E+01, 2.90000E+01, 2.75000E+01,0,
 2.700000000E+01, 2.91000E+01, 2.97000E+01, 2.91000E+01, 2.74000E+01,0,
 2.800000000E+01, 2.92000E+01, 2.97000E+01, 2.92000E+01, 2.74000E+01,0,
 2.900000000E+01, 2.92000E+01, 2.97000E+01, 2.92000E+01, 2.74000E+01,0,
 3.000000000E+01, 2.92000E+01, 2.98000E+01, 2.93000E+01, 2.74000E+01,0,
 3.100000000E+01, 2.93000E+01, 2.98000E+01, 2.93000E+01, 2.74000E+01,0,
 3.200000000E+01, 2.93000E+01, 2.99000E+01, 2.94000E+01, 2.74000E+01,0,
 3.300000000E+01, 2.94000E+01, 2.99000E+01, 2.94000E+01, 2.74000E+01,0,
 3.400000000E+01, 2.94000E+01, 3.00000E+01, 2.94000E+01, 2.74000E+01,0,
 3.500000000E+01, 2.94000E+01, 3.01000E+01, 2.95000E+01, 2.74000E+01,0,
 3.600000000E+01, 2.94000E+01, 3.01000E+01, 2.95000E+01, 2.74000E+01,0,
 3.700000000E+01, 2.94000E+01, 2.99000E+01, 2.96000E+01, 2.74000E+01,0,
 3.800000000E+01, 2.94000E+01, 2.99000E+01, 2.95000E+01, 2.74000E+01,0,
 3.900000000E+01, 2.94000E+01, 3.00000E+01, 2.94000E+01, 2.73000E+01,0,
 4.000000000E+01, 2.94000E+01, 2.99000E+01, 2.94000E+01, 2.72000E+01,0,
 4.100000000E+01, 2.93000E+01, 2.98000E+01, 2.94000E+01, 2.73000E+01,0,
 4.200000000E+01, 2.94000E+01, 2.99000E+01, 2.94000E+01, 2.72000E+01,0,
 4.300000000E+01, 2.94000E+01, 2.99000E+01, 2.94000E+01, 2.72000E+01,0,
 4.400000000E+01, 2.94000E+01, 2.99000E+01, 2.94000E+01, 2.72000E+01,0,
 4.500000000E+01, 2.94000E+01, 2.99000E+01, 2.94000E+01, 2.72000E+01,0,
 4.600000000E+01, 2.94000E+01, 2.99000E+01, 2.94000E+01, 2.72000E+01,0,
 4.700000000E+01, 2.94000E+01, 2.99000E+01, 2.94000E+01, 2.71000E+01,0,
 4.800000000E+01, 2.93000E+01, 2.99000E+01, 2.94000E+01, 2.71000E+01,0,
 4.900000000E+01, 2.92000E+01, 2.98000E+01, 2.94000E+01, 2.71000E+01,0,
 5.000000000E+01, 2.92000E+01, 2.98000E+01, 2.93000E+01, 2.70000E+01,0,
 5.100000000E+01, 2.93000E+01, 2.99000E+01, 2.93000E+01, 2.70000E+01,0,
 5.200000000E+01, 2.94000E+01, 3.00000E+01, 2.92000E+01, 2.71000E+01,0,
 5.300000000E+01, 2.94000E+01, 3.01000E+01, 2.92000E+01, 2.70000E+01,0,
 5.400000000E+01, 2.94000E+01, 3.02000E+01, 2.93000E+01, 2.70000E+01,0,
 5.500000000E+01, 2.94000E+01, 3.03000E+01, 2.94000E+01, 2.70000E+01,0,
 5.600000000E+01, 2.94000E+01, 3.03000E+01, 2.95000E+01, 2.70000E+01,0,
 5.700000000E+01, 2.94000E+01, 3.03000E+01, 2.96000E+01, 2.70000E+01,0,
 5.800000000E+01, 2.94000E+01, 3.02000E+01, 2.97000E+01, 2.70000E+01,0,
 5.900000000E+01, 2.94000E+01, 3.01000E+01, 2.98000E+01, 2.70000E+01,0,
 6.000000000E+01, 2.94000E+01, 3.01000E+01, 2.98000E+01, 2.70000E+01,0,
 6.100000000E+01, 2.94000E+01, 3.01000E+01, 2.99000E+01, 2.70000E+01,0,
 6.200000000E+01, 2.95000E+01, 3.02000E+01, 2.98000E+01, 2.70000E+01,0,
 6.300000000E+01, 2.96000E+01, 3.02000E+01, 2.99000E+01, 2.70000E+01,0,
 6.400000000E+01, 2.96000E+01, 3.04000E+01, 2.99000E+01, 2.70000E+01,0,
 6.500000000E+01, 2.95000E+01, 3.04000E+01, 2.99000E+01, 2.70000E+01,0,
 6.600000000E+01, 2.94000E+01, 3.04000E+01, 2.99000E+01, 2.70000E+01,0,
 6.700000000E+01, 2.94000E+01, 3.02000E+01, 2.99000E+01, 2.70000E+01,0,
 6.800000000E+01, 2.95000E+01, 3.02000E+01, 2.99000E+01, 2.69000E+01,0,
 6.900000000E+01, 2.95000E+01, 3.01000E+01, 2.97000E+01, 2.68000E+01,0,
 7.000000000E+01, 2.96000E+01, 3.02000E+01, 2.96000E+01, 2.68000E+01,0,
 7.100000000E+01, 2.97000E+01, 3.02000E+01, 2.96000E+01, 2.68000E+01,0,
 7.200000000E+01, 2.96000E+01, 3.03000E+01, 2.96000E+01, 2.68000E+01,0,
 7.300000000E+01, 2.96000E+01, 3.03000E+01, 2.97000E+01, 2.68000E+01,0,
 7.400000000E+01, 2.97000E+01, 3.04000E+01, 2.99000E+01, 2.68000E+01,0,
 7.500000000E+01, 2.96000E+01, 3.05000E+01, 2.99000E+01, 2.68000E+01,0,
 7.600000000E+01, 2.96000E+01, 3.04000E+01, 2.99000E+01, 2.68000E+01,0,
 7.700000000E+01, 2.96000E+01, 3.04000E+01, 3.00000E+01, 2.68000E+01,0,
 7.800000000E+01, 2.96000E+01, 3.04000E+01, 3.00000E+01, 2.68000E+01,0,
 7.900000000E+01, 2.97000E+01, 3.04000E+01, 2.98000E+01, 2.69000E+01,0,
 8.000000000E+01, 2.97000E+01, 3.04000E+01, 2.98000E+01, 2.68000E+01,0,
 8.100000000E+01, 2.96000E+01, 3.04000E+01, 2.98000E+01, 2.68000E+01,0,
 8.200000000E+01, 2.95000E+01, 3.04000E+01, 2.99000E+01, 2.68000E+01,0,
 8.300000000E+01, 2.96000E+01, 3.03000E+01, 2.99000E+01, 2.68000E+01,0,
 8.400000000E+01, 2.96000E+01, 3.03000E+01, 2.99000E+01, 2.68000E+01,0,
 8.500000000E+01, 2.96000E+01, 3.04000E+01, 3.00000E+01, 2.68000E+01,0,
 8.600000000E+01, 2.96000E+01, 3.03000E+01, 3.01000E+01, 2.68000E+01,0,
 8.700000000E+01, 2.96000E+01, 3.04000E+01, 3.01000E+01, 2.68000E+01,0,
 8.800000000E+01, 2.95000E+01, 3.04000E+01, 3.02000E+01, 2.68000E+01,0,
 8.900000000E+01, 2.95000E+01, 3.02000E+01, 3.02000E+01, 2.68000E+01,0,
 9.000000000E+01, 2.95000E+01, 3.01000E+01, 3.00000E+01, 2.69000E+01,0,
 9.100000000E+01, 2.96000E+01, 3.01000E+01, 2.99000E+01, 2.68000E+01,0,
 9.200000000E+01, 2.97000E+01, 3.01000E+01, 2.98000E+01, 2.67000E+01,0,
 9.300000000E+01, 2.97000E+01, 3.02000E+01, 2.99000E+01, 2.67000E+01,0,
 9.400000000E+01, 2.98000E+01, 3.01000E+01, 2.99000E+01, 2.67000E+01,0,
 9.500000000E+01, 2.98000E+01, 3.02000E+01, 3.00000E+01, 2.67000E+01,0,
 9.600000000E+01, 2.97000E+01, 3.02000E+01, 3.00000E+01, 2.67000E+01,0,
 9.700000000E+01, 2.96000E+01, 3.01000E+01, 3.00000E+01, 2.68000E+01,0,
 9.800000000E+01, 2.95000E+01, 3.00000E+01, 3.00000E+01, 2.67000E+01,0,
 9.900000000E+01, 2.95000E+01, 3.00000E+01, 2.98000E+01, 2.67000E+01,0,
 1.000000000E+02, 2.95000E+01, 3.00000E+01, 2.98000E+01, 2.66000E+01,0,
 1.010000000E+02, 2.95000E+01, 3.00000E+01, 2.97000E+01, 2.66000E+01,0,
 1.020000000E+02, 2.95000E+01, 3.01000E+01, 2.98000E+01, 2.66000E+01,0,
 1.030000000E+02, 2.95000E+01, 3.01000E+01, 2.98000E+01, 2.66000E+01,0,
 1.040000000E+02, 2.96000E+01, 3.02000E+01, 2.99000E+01, 2.66000E+01,0,
 1.050000000E+02, 2.96000E+01, 3.04000E+01, 2.99000E+01, 2.66000E+01,0,
 1.060000000E+02, 2.96000E+01, 3.04000E+01, 3.00000E+01, 2.66000E+01,0,
 1.070000000E+02, 2.96000E+01, 3.04000E+01, 3.00000E+01, 2.66000E+01,0,
 1.080000000E+02, 2.96000E+01, 3.02000E+01, 3.00000E+01, 2.66000E+01,0,
 1.090000000E+02, 2.95000E+01, 3.02000E+01, 2.99000E+01, 2.66000E+01,0,
 1.100000000E+02, 2.94000E+01, 3.01000E+01, 2.97000E+01, 2.66000E+01,0,
 1.110000000E+02, 2.95000E+01, 3.00000E+01, 2.96000E+01, 2.66000E+01,0,
 1.120000000E+02, 2.96000E+01, 3.01000E+01, 2.96000E+01, 2.65000E+01,0,
 1.130000000E+02, 2.96000E+01, 3.01000E+01, 2.97000E+01, 2.65000E+01,0,
 1.140000000E+02, 2.95000E+01, 3.01000E+01, 2.97000E+01, 2.64000E+01,0,
 1.150000000E+02, 2.96000E+01, 3.02000E+01, 2.98000E+01, 2.64000E+01,0,
 1.160000000E+02, 2.96000E+01, 3.01000E+01, 2.98000E+01, 2.64000E+01,0,
 1.170000000E+02, 2.95000E+01, 3.00000E+01, 2.98000E+01, 2.64000E+01,0,
 1.180000000E+02, 2.96000E+01, 3.00000E+01, 2.98000E+01, 2.65000E+01,0,
 1.190000000E+02, 2.96000E+01, 3.00000E+01, 2.99000E+01, 2.65000E+01,0,
 1.200000000E+02, 2.96000E+01, 3.01000E+01, 2.98000E+01, 2.65000E+01,0,
 1.210000000E+02, 2.96000E+01, 3.01000E+01, 2.98000E+01, 2.65000E+01,0,
 1.220000000E+02, 2.96000E+01, 3.02000E+01, 2.99000E+01, 2.65000E+01,0,
 1.230000000E+02, 2.96000E+01, 3.01000E+01, 3.00000E+01, 2.65000E+01,0,
 1.240000000E+02, 2.96000E+01, 3.00000E+01, 3.00000E+01, 2.65000E+01,0,
 1.250000000E+02, 2.96000E+01, 3.00000E+01, 2.99000E+01, 2.65000E+01,0,
 1.260000000E+02, 2.96000E+01, 3.00000E+01, 2.98000E+01, 2.65000E+01,0,
 1.270000000E+02, 2.97000E+01, 3.00000E+01, 3.00000E+01, 2.65000E+01,0,
 1.280000000E+02, 2.97000E+01, 3.01000E+01, 3.01000E+01, 2.64000E+01,0,
 1.290000000E+02, 2.97000E+01, 3.01000E+01, 3.01000E+01, 2.64000E+01,0,
 1.300000000E+02, 2.97000E+01, 3.01000E+01, 3.02000E+01, 2.64000E+01,0,
 1.310000000E+02, 2.98000E+01, 3.03000E+01, 3.00000E+01, 2.64000E+01,0,
 1.320000000E+02, 2.98000E+01, 3.03000E+01, 2.99000E+01, 2.64000E+01,0,
 1.330000000E+02, 2.98000E+01, 3.04000E+01, 2.99000E+01, 2.64000E+01,0,
 1.340000000E+02, 2.99000E+01, 3.05000E+01, 3.00000E+01, 2.64000E+01,0,
 1.350000000E+02, 2.99000E+01, 3.05000E+01, 3.00000E+01, 2.64000E+01,0,
 1.360000000E+02, 3.00000E+01, 3.05000E+01, 3.01000E+01, 2.65000E+01,0,
 1.370000000E+02, 3.00000E+01, 3.05000E+01, 3.02000E+01, 2.65000E+01,0,
 1.380000000E+02, 3.00000E+01, 3.06000E+01, 3.03000E+01, 2.65000E+01,0,
 1.390000000E+02, 2.99000E+01, 3.06000E+01, 3.03000E+01, 2.65000E+01,0,
 1.400000000E+02, 2.98000E+01, 3.06000E+01, 3.03000E+01, 2.66000E+01,0,
 1.410000000E+02, 2.97000E+01, 3.05000E+01, 3.03000E+01, 2.66000E+01,0,
 1.420000000E+02, 2.97000E+01, 3.03000E+01, 3.02000E+01, 2.66000E+01,0,
 1.430000000E+02, 2.97000E+01, 3.02000E+01, 3.00000E+01, 2.66000E+01,0,
 1.440000000E+02, 2.97000E+01, 3.02000E+01, 2.99000E+01, 2.65000E+01,0,
 1.450000000E+02, 2.97000E+01, 3.02000E+01, 2.99000E+01, 2.65000E+01,0,
 1.460000000E+02, 2.98000E+01, 3.02000E+01, 2.99000E+01, 2.64000E+01,0,
 1.470000000E+02, 2.98000E+01, 3.02000E+01, 2.99000E+01, 2.64000E+01,0,
 1.480000000E+02, 2.99000E+01, 3.00000E+01, 2.99000E+01, 2.64000E+01,0,
 1.490000000E+02, 2.98000E+01, 3.00000E+01, 2.99000E+01, 2.64000E+01,0,
 1.500000000E+02, 2.97000E+01, 3.00000E+01, 2.98000E+01, 2.64000E+01,0,
 1.510000000E+02, 2.98000E+01, 3.01000E+01, 2.98000E+01, 2.63000E+01,0,
 1.520000000E+02, 2.98000E+01, 3.03000E+01, 2.97000E+01, 2.63000E+01,0,
 1.530000000E+02, 2.98000E+01, 3.03000E+01, 2.98000E+01, 2.63000E+01,0,
 1.540000000E+02, 2.98000E+01, 3.03000E+01, 2.99000E+01, 2.63000E+01,0,
 1.550000000E+02, 2.97000E+01, 3.03000E+01, 3.00000E+01, 2.63000E+01,0,
 1.560000000E+02, 2.96000E+01, 3.03000E+01, 3.00000E+01, 2.63000E+01,0,
 1.570000000E+02, 2.96000E+01, 3.01000E+01, 2.99000E+01, 2.63000E+01,0,
 1.580000000E+02, 2.96000E+01, 3.00000E+01, 2.98000E+01, 2.63000E+01,0,
 1.590000000E+02, 2.96000E+01, 3.00000E+01, 2.97000E+01, 2.63000E+01,0,
 1.600000000E+02, 2.96000E+01, 3.02000E+01, 2.97000E+01, 2.62000E+01,0,
 1.610000000E+02, 2.96000E+01, 3.02000E+01, 2.97000E+01, 2.62000E+01,0,
 1.620000000E+02, 2.97000E+01, 3.02000E+01, 2.97000E+01, 2.63000E+01,0,
 1.630000000E+02, 2.97000E+01, 3.02000E+01, 2.99000E+01, 2.63000E+01,0,
 1.640000000E+02, 2.98000E+01, 3.02000E+01, 2.99000E+01, 2.62000E+01,0,
 1.650000000E+02, 2.99000E+01, 3.04000E+01, 3.01000E+01, 2.63000E+01,0,
 1.660000000E+02, 2.99000E+01, 3.04000E+01, 3.01000E+01, 2.63000E+01,0,
 1.670000000E+02, 2.99000E+01, 3.04000E+01, 3.02000E+01, 2.63000E+01,0,
 1.680000000E+02, 3.00000E+01, 3.04000E+01, 3.01000E+01, 2.63000E+01,0,
 1.690000000E+02, 3.00000E+01, 3.05000E+01, 3.01000E+01, 2.64000E+01,0,
 1.700000000E+02, 3.01000E+01, 3.05000E+01, 3.00000E+01, 2.64000E+01,0,
 1.710000000E+02, 3.01000E+01, 3.05000E+01, 2.99000E+01, 2.64000E+01,0,
 1.720000000E+02, 3.02000E+01, 3.04000E+01, 3.00000E+01, 2.64000E+01,0,
 1.730000000E+02, 3.02000E+01, 3.04000E+01, 3.01000E+01, 2.65000E+01,0,
 1.740000000E+02, 3.03000E+01, 3.04000E+01, 3.02000E+01, 2.65000E+01,0,
 1.750000000E+02, 3.03000E+01, 3.03000E+01, 3.02000E+01, 2.65000E+01,0,
 1.760000000E+02, 3.02000E+01, 3.03000E+01, 3.03000E+01, 2.65000E+01,0,
 1.770000000E+02, 3.01000E+01, 3.04000E+01, 3.03000E+01, 2.66000E+01,0,
 1.780000000E+02, 3.02000E+01, 3.05000E+01, 3.04000E+01, 2.65000E+01,0,
 1.790000000E+02, 3.01000E+01, 3.04000E+01, 3.02000E+01, 2.66000E+01,0,
 1.800000000E+02, 3.01000E+01, 3.04000E+01, 3.01000E+01, 2.65000E+01,0,
 1.810000000E+02, 3.01000E+01, 3.04000E+01, 3.00000E+01, 2.64000E+01,0,
 1.820000000E+02, 3.01000E+01, 3.04000E+01, 3.01000E+01, 2.64000E+01,0,
 1.830000000E+02, 3.01000E+01, 3.05000E+01, 3.01000E+01, 2.64000E+01,0,
 1.840000000E+02, 3.01000E+01, 3.05000E+01, 3.02000E+01, 2.64000E+01,0,
 1.850000000E+02, 3.02000E+01, 3.06000E+01, 3.03000E+01, 2.64000E+01,0,
 1.860000000E+02, 3.02000E+01, 3.06000E+01, 3.03000E+01, 2.64000E+01,0,
 1.870000000E+02, 3.02000E+01, 3.07000E+01, 3.04000E+01, 2.64000E+01,0,
 1.880000000E+02, 3.02000E+01, 3.07000E+01, 3.04000E+01, 2.64000E+01,0,
 1.890000000E+02, 3.02000E+01, 3.08000E+01, 3.04000E+01, 2.64000E+01,0,
 1.900000000E+02, 3.01000E+01, 3.09000E+01, 3.04000E+01, 2.64000E+01,0,
 1.910000000E+02, 3.01000E+01, 3.09000E+01, 3.05000E+01, 2.64000E+01,0,
 1.920000000E+02, 3.00000E+01, 3.09000E+01, 3.05000E+01, 2.64000E+01,0,
 1.930000000E+02, 3.01000E+01, 3.07000E+01, 3.05000E+01, 2.64000E+01,0,
 1.940000000E+02, 3.01000E+01, 3.05000E+01, 3.04000E+01, 2.65000E+01,0,
 1.950000000E+02, 3.00000E+01, 3.05000E+01, 3.03000E+01, 2.65000E+01,0,
 1.960000000E+02, 2.99000E+01, 3.04000E+01, 3.03000E+01, 2.65000E+01,0,
 1.970000000E+02, 2.99000E+01, 3.05000E+01, 3.01000E+01, 2.64000E+01,0,
 1.980000000E+02, 2.99000E+01, 3.04000E+01, 3.01000E+01, 2.64000E+01,0,
 1.990000000E+02, 2.99000E+01, 3.03000E+01, 3.01000E+01, 2.64000E+01,0,
 2.000000000E+02, 2.98000E+01, 3.03000E+01, 3.00000E+01, 2.64000E+01,0,
 2.010000000E+02, 2.98000E+01, 3.02000E+01, 2.99000E+01, 2.63000E+01,0,
 2.020000000E+02, 2.97000E+01, 3.04000E+01, 2.97000E+01, 2.63000E+01,0,
 2.030000000E+02, 2.97000E+01, 3.03000E+01, 2.97000E+01, 2.62000E+01,0,
 2.040000000E+02, 2.96000E+01, 3.03000E+01, 2.97000E+01, 2.62000E+01,0,
 2.050000000E+02, 2.96000E+01, 3.03000E+01, 2.98000E+01, 2.62000E+01,0,
 2.060000000E+02, 2.96000E+01, 3.04000E+01, 3.00000E+01, 2.62000E+01,0,
 2.070000000E+02, 2.96000E+01, 3.04000E+01, 3.00000E+01, 2.63000E+01,0,
 2.080000000E+02, 2.96000E+01, 3.04000E+01, 3.00000E+01, 2.63000E+01,0,
 2.090000000E+02, 2.96000E+01, 3.04000E+01, 3.01000E+01, 2.64000E+01,0,
 2.100000000E+02, 2.96000E+01, 3.04000E+01, 3.02000E+01, 2.64000E+01,0,
 2.110000000E+02, 2.95000E+01, 3.03000E+01, 3.01000E+01, 2.65000E+01,0,
 2.120000000E+02, 2.95000E+01, 3.03000E+01, 3.02000E+01, 2.64000E+01,0,
 2.130000000E+02, 2.95000E+01, 3.04000E+01, 3.02000E+01, 2.65000E+01,0,
 2.140000000E+02, 2.95000E+01, 3.05000E+01, 3.02000E+01, 2.65000E+01,0,
 2.150000000E+02, 2.95000E+01, 3.04000E+01, 3.03000E+01, 2.65000E+01,0,
 2.160000000E+02, 2.95000E+01, 3.04000E+01, 3.03000E+01, 2.65000E+01,0,
 2.170000000E+02, 2.95000E+01, 3.06000E+01, 3.04000E+01, 2.65000E+01,0,
 2.180000000E+02, 2.95000E+01, 3.05000E+01, 3.04000E+01, 2.65000E+01,0,
 2.190000000E+02, 2.96000E+01, 3.04000E+01, 3.04000E+01, 2.65000E+01,0,
 2.200000000E+02, 2.96000E+01, 3.05000E+01, 3.04000E+01, 2.65000E+01,0,
 2.210000000E+02, 2.97000E+01, 3.05000E+01, 3.04000E+01, 2.64000E+01,0,
 2.220000000E+02, 2.96000E+01, 3.06000E+01, 3.04000E+01, 2.63000E+01,0,
 2.230000000E+02, 2.96000E+01, 3.07000E+01, 3.04000E+01, 2.63000E+01,0,
 2.240000000E+02, 2.95000E+01, 3.07000E+01, 3.04000E+01, 2.63000E+01,0,
 2.250000000E+02, 2.95000E+01, 3.08000E+01, 3.04000E+01, 2.63000E+01,0,
 2.260000000E+02, 2.94000E+01, 3.09000E+01, 3.04000E+01, 2.63000E+01,0,
 2.270000000E+02, 2.94000E+01, 3.09000E+01, 3.04000E+01, 2.63000E+01,0,
 2.280000000E+02, 2.94000E+01, 3.07000E+01, 3.03000E+01, 2.64000E+01,0,
 2.290000000E+02, 2.94000E+01, 3.07000E+01, 3.04000E+01, 2.64000E+01,0,
 2.300000000E+02, 2.94000E+01, 3.08000E+01, 3.04000E+01, 2.64000E+01,0,
 2.310000000E+02, 2.94000E+01, 3.09000E+01, 3.04000E+01, 2.64000E+01,0,
 2.320000000E+02, 2.95000E+01, 3.08000E+01, 3.04000E+01, 2.63000E+01,0,
 2.330000000E+02, 2.95000E+01, 3.07000E+01, 3.04000E+01, 2.63000E+01,0,
 2.340000000E+02, 2.95000E+01, 3.07000E+01, 3.04000E+01, 2.63000E+01,0,
 2.350000000E+02, 2.94000E+01, 3.08000E+01, 3.04000E+01, 2.63000E+01,0,
 2.360000000E+02, 2.94000E+01, 3.07000E+01, 3.04000E+01, 2.64000E+01,0,
 2.370000000E+02, 2.93000E+01, 3.05000E+01, 3.04000E+01, 2.64000E+01,0,
 2.380000000E+02, 2.91000E+01, 3.03000E+01, 3.04000E+01, 2.63000E+01,0,
 2.390000000E+02, 2.91000E+01, 3.01000E+01, 3.02000E+01, 2.62000E+01,0,
 2.400000000E+02, 2.92000E+01, 3.01000E+01, 3.01000E+01, 2.62000E+01,0,
 2.410000000E+02, 2.92000E+01, 3.02000E+01, 2.99000E+01, 2.61000E+01,0,
 2.420000000E+02, 2.91000E+01, 3.02000E+01, 2.99000E+01, 2.61000E+01,0,
 2.430000000E+02, 2.92000E+01, 3.01000E+01, 2.98000E+01, 2.61000E+01,0,
 2.440000000E+02, 2.92000E+01, 3.00000E+01, 2.99000E+01, 2.61000E+01,0,
 2.450000000E+02, 2.92000E+01, 3.00000E+01, 2.99000E+01, 2.61000E+01,0,
 2.460000000E+02, 2.92000E+01, 3.00000E+01, 2.98000E+01, 2.61000E+01,0,
 2.470000000E+02, 2.92000E+01, 3.00000E+01, 2.98000E+01, 2.62000E+01,0,
 2.480000000E+02, 2.93000E+01, 3.01000E+01, 2.96000E+01, 2.61000E+01,0,
 2.490000000E+02, 2.93000E+01, 3.01000E+01, 2.96000E+01, 2.60000E+01,0,
 2.500000000E+02, 2.92000E+01, 3.02000E+01, 2.96000E+01, 2.61000E+01,0,
 2.510000000E+02, 2.93000E+01, 3.02000E+01, 2.97000E+01, 2.61000E+01,0,
 2.520000000E+02, 2.93000E+01, 3.01000E+01, 2.97000E+01, 2.61000E+01,0,
 2.530000000E+02, 2.93000E+01, 3.00000E+01, 2.97000E+01, 2.61000E+01,0,
 2.540000000E+02, 2.93000E+01, 2.99000E+01, 2.96000E+01, 2.61000E+01,0,
 2.550000000E+02, 2.92000E+01, 2.99000E+01, 2.96000E+01, 2.61000E+01,0,
 2.560000000E+02, 2.92000E+01, 2.99000E+01, 2.96000E+01, 2.60000E+01,0,
 2.570000000E+02, 2.92000E+01, 3.00000E+01, 2.98000E+01, 2.61000E+01,0,
 2.580000000E+02, 2.93000E+01, 3.01000E+01, 2.98000E+01, 2.61000E+01,0,
 2.590000000E+02, 2.93000E+01, 3.01000E+01, 2.99000E+01, 2.60000E+01,0,
 2.600000000E+02, 2.94000E+01, 3.02000E+01, 2.99000E+01, 2.60000E+01,0,
 2.610000000E+02, 2.94000E+01, 3.02000E+01, 2.99000E+01, 2.60000E+01,0,
 2.620000000E+02, 2.94000E+01, 3.03000E+01, 3.00000E+01, 2.61000E+01,0,
 2.630000000E+02, 2.93000E+01, 3.04000E+01, 3.01000E+01, 2.61000E+01,0,
 2.640000000E+02, 2.93000E+01, 3.04000E+01, 3.01000E+01, 2.61000E+01,0,
 2.650000000E+02, 2.94000E+01, 3.03000E+01, 3.01000E+01, 2.61000E+01,0,
 2.660000000E+02, 2.95000E+01, 3.03000E+01, 3.02000E+01, 2.61000E+01,0,
 2.670000000E+02, 2.95000E+01, 3.03000E+01, 3.02000E+01, 2.61000E+01,0,
 2.680000000E+02, 2.95000E+01, 3.03000E+01, 3.02000E+01, 2.61000E+01,0,
 2.690000000E+02, 2.96000E+01, 3.03000E+01, 3.03000E+01, 2.60000E+01,0,
 2.700000000E+02, 2.96000E+01, 3.04000E+01, 3.03000E+01, 2.60000E+01,0,
 2.710000000E+02, 2.95000E+01, 3.04000E+01, 3.03000E+01, 2.60000E+01,0,
 2.720000000E+02, 2.95000E+01, 3.04000E+01, 3.03000E+01, 2.60000E+01,0,
 2.730000000E+02, 2.95000E+01, 3.05000E+01, 3.02000E+01, 2.60000E+01,0,
 2.740000000E+02, 2.95000E+01, 3.04000E+01, 3.02000E+01, 2.60000E+01,0,
 2.750000000E+02, 2.95000E+01, 3.04000E+01, 3.03000E+01, 2.61000E+01,0,
 2.760000000E+02, 2.95000E+01, 3.04000E+01, 3.03000E+01, 2.61000E+01,0,
 2.770000000E+02, 2.95000E+01, 3.03000E+01, 3.02000E+01, 2.62000E+01,0,
 2.780000000E+02, 2.95000E+01, 3.01000E+01, 3.02000E+01, 2.62000E+01,0,
 2.790000000E+02, 2.96000E+01, 3.01000E+01, 3.02000E+01, 2.62000E+01,0,
 2.800000000E+02, 2.96000E+01, 3.00000E+01, 3.01000E+01, 2.62000E+01,0,
 2.810000000E+02, 2.96000E+01, 3.00000E+01, 3.01000E+01, 2.61000E+01,0,
 2.820000000E+02, 2.96000E+01, 3.01000E+01, 3.02000E+01, 2.61000E+01,0,
 2.830000000E+02, 2.95000E+01, 3.01000E+01, 3.03000E+01, 2.60000E+01,0,
 2.840000000E+02, 2.95000E+01, 3.03000E+01, 3.03000E+01, 2.60000E+01,0,
 2.850000000E+02, 2.94000E+01, 3.03000E+01, 3.03000E+01, 2.60000E+01,0,
 2.860000000E+02, 2.94000E+01, 3.04000E+01, 3.03000E+01, 2.60000E+01,0,
 2.870000000E+02, 2.95000E+01, 3.04000E+01, 3.03000E+01, 2.60000E+01,0,
 2.880000000E+02, 2.95000E+01, 3.04000E+01, 3.03000E+01, 2.60000E+01,0,
 2.890000000E+02, 2.95000E+01, 3.04000E+01, 3.03000E+01, 2.60000E+01,0,
 2.900000000E+02, 2.95000E+01, 3.02000E+01, 3.04000E+01, 2.60000E+01,0,
 2.910000000E+02, 2.95000E+01, 3.02000E+01, 3.04000E+01, 2.60000E+01,0,
 2.920000000E+02, 2.94000E+01, 3.01000E+01, 3.04000E+01, 2.60000E+01,0,
 2.930000000E+02, 2.94000E+01, 3.01000E+01, 3.04000E+01, 2.60000E+01,0,
 2.940000000E+02, 2.94000E+01, 3.00000E+01, 3.03000E+01, 2.60000E+01,0,
 2.950000000E+02, 2.93000E+01, 3.00000E+01, 3.00000E+01, 2.59000E+01,0,
 2.960000000E+02, 2.93000E+01, 3.01000E+01, 2.99000E+01, 2.59000E+01,0,
 2.970000000E+02, 2.93000E+01, 3.02000E+01, 2.99000E+01, 2.58000E+01,0,
 2.980000000E+02, 2.93000E+01, 3.02000E+01, 2.99000E+01, 2.58000E+01,0,
 2.990000000E+02, 2.93000E+01, 3.02000E+01, 2.99000E+01, 2.58000E+01,0,
 3.000000000E+02, 2.94000E+01, 3.03000E+01, 3.00000E+01, 2.59000E+01,0,
 3.010000000E+02, 2.94000E+01, 3.04000E+01, 3.00000E+01, 2.60000E+01,0,
 3.020000000E+02, 2.94000E+01, 3.05000E+01, 3.01000E+01, 2.60000E+01,0,
 3.030000000E+02, 2.94000E+01, 3.05000E+01, 3.02000E+01, 2.59000E+01,0,
 3.040000000E+02, 2.94000E+01, 3.06000E+01, 3.02000E+01, 2.59000E+01,0,
 3.050000000E+02, 2.93000E+01, 3.05000E+01, 3.02000E+01, 2.59000E+01,0,
 3.060000000E+02, 2.93000E+01, 3.06000E+01, 3.02000E+01, 2.59000E+01,0,
 3.070000000E+02, 2.92000E+01, 3.07000E+01, 3.03000E+01, 2.59000E+01,0,
 3.080000000E+02, 2.92000E+01, 3.07000E+01, 3.03000E+01, 2.60000E+01,0,
 3.090000000E+02, 2.92000E+01, 3.08000E+01, 3.04000E+01, 2.60000E+01,0,
 3.100000000E+02, 2.92000E+01, 3.08000E+01, 3.04000E+01, 2.60000E+01,0,
 3.110000000E+02, 2.92000E+01, 3.09000E+01, 3.04000E+01, 2.61000E+01,0,
 3.120000000E+02, 2.92000E+01, 3.08000E+01, 3.04000E+01, 2.61000E+01,0,
 3.130000000E+02, 2.92000E+01, 3.06000E+01, 3.04000E+01, 2.61000E+01,0,
 3.140000000E+02, 2.94000E+01, 3.05000E+01, 3.04000E+01, 2.61000E+01,0,
 3.150000000E+02, 2.93000E+01, 3.04000E+01, 3.05000E+01, 2.61000E+01,0,
 3.160000000E+02, 2.93000E+01, 3.03000E+01, 3.04000E+01, 2.61000E+01,0,
 3.170000000E+02, 2.92000E+01, 3.03000E+01, 3.05000E+01, 2.61000E+01,0,
 3.180000000E+02, 2.91000E+01, 3.04000E+01, 3.05000E+01, 2.61000E+01,0,
 3.190000000E+02, 2.91000E+01, 3.05000E+01, 3.05000E+01, 2.61000E+01,0,
 3.200000000E+02, 2.92000E+01, 3.04000E+01, 3.05000E+01, 2.60000E+01,0,
 3.210000000E+02, 2.92000E+01, 3.03000E+01, 3.05000E+01, 2.61000E+01,0,
 3.220000000E+02, 2.92000E+01, 3.02000E+01, 3.04000E+01, 2.60000E+01,0,
 3.230000000E+02, 2.93000E+01, 3.01000E+01, 3.04000E+01, 2.60000E+01,0,
 3.240000000E+02, 2.93000E+01, 3.02000E+01, 3.04000E+01, 2.60000E+01,0,
 3.250000000E+02, 2.93000E+01, 3.02000E+01, 3.03000E+01, 2.60000E+01,0,
 3.260000000E+02, 2.93000E+01, 3.02000E+01, 3.02000E+01, 2.60000E+01,0,
 3.270000000E+02, 2.94000E+01, 3.02000E+01, 3.02000E+01, 2.60000E+01,0,
 3.280000000E+02, 2.93000E+01, 3.02000E+01, 3.03000E+01, 2.60000E+01,0,
 3.290000000E+02, 2.92000E+01, 3.02000E+01, 3.03000E+01, 2.60000E+01,0,
 3.300000000E+02, 2.92000E+01, 3.02000E+01, 3.03000E+01, 2.60000E+01,0,
 3.310000000E+02, 2.92000E+01, 3.02000E+01, 3.04000E+01, 2.61000E+01,0,
 3.320000000E+02, 2.93000E+01, 3.02000E+01, 3.04000E+01, 2.61000E+01,0,
 3.330000000E+02, 2.93000E+01, 3.02000E+01, 3.04000E+01, 2.61000E+01,0,
 3.340000000E+02, 2.93000E+01, 3.02000E+01, 3.04000E+01, 2.61000E+01,0,
 3.350000000E+02, 2.93000E+01, 3.02000E+01, 3.04000E+01, 2.61000E+01,0,
 3.360000000E+02, 2.93000E+01, 3.03000E+01, 3.04000E+01, 2.61000E+01,0,
 3.370000000E+02, 2.94000E+01, 3.04000E+01, 3.04000E+01, 2.61000E+01,0,
 3.380000000E+02, 2.94000E+01, 3.04000E+01, 3.04000E+01, 2.62000E+01,0,
 3.390000000E+02, 2.95000E+01, 3.02000E+01, 3.04000E+01, 2.62000E+01,0,
 3.400000000E+02, 2.95000E+01, 3.03000E+01, 3.04000E+01, 2.62000E+01,0,
 3.410000000E+02, 2.95000E+01, 3.02000E+01, 3.05000E+01, 2.62000E+01,0,
 3.420000000E+02, 2.95000E+01, 3.01000E+01, 3.05000E+01, 2.62000E+01,0,
 3.430000000E+02, 2.95000E+01, 3.01000E+01, 3.04000E+01, 2.62000E+01,0,
 3.440000000E+02, 2.94000E+01, 3.01000E+01, 3.04000E+01, 2.63000E+01,0,
 3.450000000E+02, 2.93000E+01, 3.00000E+01, 3.04000E+01, 2.62000E+01,0,
 3.460000000E+02, 2.93000E+01, 2.99000E+01, 3.04000E+01, 2.62000E+01,0,
 3.470000000E+02, 2.92000E+01, 3.00000E+01, 3.03000E+01, 2.62000E+01,0,
 3.480000000E+02, 2.92000E+01, 3.01000E+01, 3.02000E+01, 2.61000E+01,0,
 3.490000000E+02, 2.92000E+01, 3.01000E+01, 3.01000E+01, 2.60000E+01,0,
 3.500000000E+02, 2.92000E+01, 3.00000E+01, 3.01000E+01, 2.60000E+01,0,
 3.510000000E+02, 2.91000E+01, 2.99000E+01, 3.01000E+01, 2.60000E+01,0,
 3.520000000E+02, 2.91000E+01, 2.98000E+01, 3.01000E+01, 2.60000E+01,0,
 3.530000000E+02, 2.91000E+01, 2.97000E+01, 2.99000E+01, 2.59000E+01,0,
 3.540000000E+02, 2.91000E+01, 2.97000E+01, 2.99000E+01, 2.59000E+01,0,
 3.550000000E+02, 2.91000E+01, 2.96000E+01, 2.98000E+01, 2.58000E+01,0,
 3.560000000E+02, 2.91000E+01, 2.96000E+01, 2.97000E+01, 2.58000E+01,0,
 3.570000000E+02, 2.92000E+01, 2.98000E+01, 2.97000E+01, 2.59000E+01,0,
 3.580000000E+02, 2.92000E+01, 2.99000E+01, 2.98000E+01, 2.58000E+01,0,
 3.590000000E+02, 2.92000E+01, 2.99000E+01, 2.98000E+01, 2.58000E+01,0,
 3.600000000E+02, 2.92000E+01, 3.00000E+01, 2.99000E+01, 2.59000E+01,0,
 3.610000000E+02, 2.92000E+01, 3.00000E+01, 3.00000E+01, 2.59000E+01,0,
 3.620000000E+02, 2.92000E+01, 3.01000E+01, 3.00000E+01, 2.59000E+01,0,
 3.630000000E+02, 2.92000E+01, 3.01000E+01, 3.01000E+01, 2.59000E+01,0,
 3.640000000E+02, 2.93000E+01, 3.01000E+01, 3.01000E+01, 2.59000E+01,0,
 3.650000000E+02, 2.92000E+01, 3.00000E+01, 3.02000E+01, 2.59000E+01,0,
 3.660000000E+02, 2.92000E+01, 3.00000E+01, 3.02000E+01, 2.59000E+01,0,
 3.670000000E+02, 2.92000E+01, 3.02000E+01, 3.02000E+01, 2.59000E+01,0,
 3.680000000E+02, 2.92000E+01, 3.03000E+01, 3.03000E+01, 2.59000E+01,0,
 3.690000000E+02, 2.90000E+01, 3.03000E+01, 3.03000E+01, 2.59000E+01,0,
 3.700000000E+02, 2.91000E+01, 3.03000E+01, 3.03000E+01, 2.59000E+01,0,
 3.710000000E+02, 2.91000E+01, 3.03000E+01, 3.02000E+01, 2.59000E+01,0,
 3.720000000E+02, 2.92000E+01, 3.02000E+01, 3.03000E+01, 2.59000E+01,0,
 3.730000000E+02, 2.91000E+01, 3.03000E+01, 3.03000E+01, 2.59000E+01,0,
 3.740000000E+02, 2.91000E+01, 3.03000E+01, 3.03000E+01, 2.59000E+01,0,
 3.750000000E+02, 2.91000E+01, 3.02000E+01, 3.03000E+01, 2.60000E+01,0,
 3.760000000E+02, 2.90000E+01, 3.02000E+01, 3.03000E+01, 2.60000E+01,0,
 3.770000000E+02, 2.90000E+01, 3.01000E+01, 3.04000E+01, 2.60000E+01,0,
 3.780000000E+02, 2.91000E+01, 3.01000E+01, 3.02000E+01, 2.60000E+01,0,
 3.790000000E+02, 2.91000E+01, 3.01000E+01, 3.01000E+01, 2.60000E+01,0,
 3.800000000E+02, 2.91000E+01, 3.02000E+01, 3.01000E+01, 2.60000E+01,0,
 3.810000000E+02, 2.90000E+01, 3.02000E+01, 3.00000E+01, 2.60000E+01,0,
 3.820000000E+02, 2.90000E+01, 3.03000E+01, 3.01000E+01, 2.60000E+01,0,
 3.830000000E+02, 2.90000E+01, 3.04000E+01, 3.01000E+01, 2.59000E+01,0,
 3.840000000E+02, 2.90000E+01, 3.03000E+01, 3.02000E+01, 2.60000E+01,0,
 3.850000000E+02, 2.90000E+01, 3.04000E+01, 3.02000E+01, 2.60000E+01,0,
 3.860000000E+02, 2.90000E+01, 3.03000E+01, 3.02000E+01, 2.60000E+01,0,
 3.870000000E+02, 2.90000E+01, 3.03000E+01, 3.02000E+01, 2.60000E+01,0,
 3.880000000E+02, 2.90000E+01, 3.04000E+01, 3.02000E+01, 2.59000E+01,0,
 3.890000000E+02, 2.89000E+01, 3.04000E+01, 3.02000E+01, 2.59000E+01,0,
 3.900000000E+02, 2.88000E+01, 3.02000E+01, 3.02000E+01, 2.59000E+01,0,
 3.910000000E+02, 2.88000E+01, 3.01000E+01, 3.02000E+01, 2.60000E+01,0,
 3.920000000E+02, 2.88000E+01, 3.01000E+01, 3.02000E+01, 2.60000E+01,0,
 3.930000000E+02, 2.88000E+01, 3.02000E+01, 3.03000E+01, 2.60000E+01,0,
 3.940000000E+02, 2.87000E+01, 3.03000E+01, 3.03000E+01, 2.60000E+01,0,
 3.950000000E+02, 2.88000E+01, 3.03000E+01, 3.04000E+01, 2.60000E+01,0,
 3.960000000E+02, 2.88000E+01, 3.01000E+01, 3.03000E+01, 2.60000E+01,0,
 3.970000000E+02, 2.88000E+01, 3.00000E+01, 3.03000E+01, 2.60000E+01,0,
 3.980000000E+02, 2.88000E+01, 2.99000E+01, 3.02000E+01, 2.60000E+01,0,
 3.990000000E+02, 2.87000E+01, 2.98000E+01, 3.01000E+01, 2.60000E+01,0,
 4.000000000E+02, 2.86000E+01, 2.97000E+01, 3.00000E+01, 2.60000E+01,0,
 4.010000000E+02, 2.87000E+01, 2.98000E+01, 2.99000E+01, 2.60000E+01,0,
 4.020000000E+02, 2.87000E+01, 2.98000E+01, 2.99000E+01, 2.59000E+01,0,
 4.030000000E+02, 2.86000E+01, 2.98000E+01, 2.99000E+01, 2.59000E+01,0,
 4.040000000E+02, 2.87000E+01, 2.99000E+01, 2.98000E+01, 2.59000E+01,0,
 4.050000000E+02, 2.86000E+01, 2.98000E+01, 2.98000E+01, 2.59000E+01,0,
 4.060000000E+02, 2.87000E+01, 2.98000E+01, 2.98000E+01, 2.59000E+01,0,
 4.070000000E+02, 2.87000E+01, 2.98000E+01, 2.98000E+01, 2.59000E+01,0,
 4.080000000E+02, 2.88000E+01, 2.98000E+01, 2.98000E+01, 2.59000E+01,0,
 4.090000000E+02, 2.88000E+01, 2.99000E+01, 2.98000E+01, 2.59000E+01,0,
 4.100000000E+02, 2.88000E+01, 3.00000E+01, 2.98000E+01, 2.59000E+01,0,
 4.110000000E+02, 2.88000E+01, 3.01000E+01, 2.99000E+01, 2.59000E+01,0,
 4.120000000E+02, 2.88000E+01, 3.01000E+01, 2.99000E+01, 2.59000E+01,0,
 4.130000000E+02, 2.87000E+01, 2.99000E+01, 2.99000E+01, 2.59000E+01,0,
 4.140000000E+02, 2.86000E+01, 2.97000E+01, 2.98000E+01, 2.59000E+01,0,
 4.150000000E+02, 2.86000E+01, 2.96000E+01, 2.96000E+01, 2.58000E+01,0,
 4.160000000E+02, 2.85000E+01, 2.95000E+01, 2.95000E+01, 2.57000E+01,0,
 4.170000000E+02, 2.85000E+01, 2.94000E+01, 2.95000E+01, 2.57000E+01,0,
 4.180000000E+02, 2.86000E+01, 2.95000E+01, 2.95000E+01, 2.57000E+01,0,
 4.190000000E+02, 2.87000E+01, 2.94000E+01, 2.94000E+01, 2.57000E+01,0,
 4.200000000E+02, 2.88000E+01, 2.95000E+01, 2.94000E+01, 2.57000E+01,0,
 4.210000000E+02, 2.89000E+01, 2.95000E+01, 2.93000E+01, 2.57000E+01,0,
 4.220000000E+02, 2.89000E+01, 2.96000E+01, 2.94000E+01, 2.57000E+01,0,
 4.230000000E+02, 2.90000E+01, 2.97000E+01, 2.95000E+01, 2.57000E+01,0,
 4.240000000E+02, 2.90000E+01, 2.98000E+01, 2.95000E+01, 2.58000E+01,0,
 4.250000000E+02, 2.90000E+01, 2.99000E+01, 2.96000E+01, 2.58000E+01,0,
 4.260000000E+02, 2.90000E+01, 3.00000E+01, 2.97000E+01, 2.58000E+01,0,
 4.270000000E+02, 2.90000E+01, 3.00000E+01, 2.97000E+01, 2.58000E+01,0,
 4.280000000E+02, 2.91000E+01, 3.01000E+01, 2.97000E+01, 2.58000E+01,0,
 4.290000000E+02, 2.91000E+01, 3.02000E+01, 2.98000E+01, 2.58000E+01,0,
 4.300000000E+02, 2.90000E+01, 3.02000E+01, 2.98000E+01, 2.59000E+01,0,
 4.310000000E+02, 2.91000E+01, 3.02000E+01, 2.99000E+01, 2.59000E+01,0,
 4.320000000E+02, 2.91000E+01, 3.02000E+01, 2.99000E+01, 2.59000E+01,0,
 4.330000000E+02, 2.91000E+01, 3.04000E+01, 3.00000E+01, 2.59000E+01,0,
 4.340000000E+02, 2.91000E+01, 3.04000E+01, 3.00000E+01, 2.59000E+01,0,
 4.350000000E+02, 2.90000E+01, 3.04000E+01, 3.00000E+01, 2.59000E+01,0,
 4.360000000E+02, 2.91000E+01, 3.04000E+01, 3.00000E+01, 2.59000E+01,0,
 4.370000000E+02, 2.91000E+01, 3.03000E+01, 3.00000E+01, 2.59000E+01,0,
 4.380000000E+02, 2.91000E+01, 3.01000E+01, 3.00000E+01, 2.58000E+01,0,
 4.390000000E+02, 2.91000E+01, 3.00000E+01, 3.00000E+01, 2.58000E+01,0,
 4.400000000E+02, 2.92000E+01, 2.99000E+01, 2.98000E+01, 2.58000E+01,0,
 4.410000000E+02, 2.91000E+01, 2.99000E+01, 2.97000E+01, 2.57000E+01,0,
 4.420000000E+02, 2.90000E+01, 2.99000E+01, 2.96000E+01, 2.58000E+01,0,
 4.430000000E+02, 2.89000E+01, 2.98000E+01, 2.95000E+01, 2.57000E+01,0,
 4.440000000E+02, 2.89000E+01, 2.97000E+01, 2.94000E+01, 2.57000E+01,0,
 4.450000000E+02, 2.88000E+01, 2.97000E+01, 2.94000E+01, 2.57000E+01,0,
 4.460000000E+02, 2.88000E+01, 2.98000E+01, 2.93000E+01, 2.57000E+01,0,
 4.470000000E+02, 2.88000E+01, 2.98000E+01, 2.93000E+01, 2.56000E+01,0,
 4.480000000E+02, 2.88000E+01, 2.97000E+01, 2.93000E+01, 2.56000E+01,0,
 4.490000000E+02, 2.88000E+01, 2.98000E+01, 2.94000E+01, 2.56000E+01,0,
 4.500000000E+02, 2.87000E+01, 2.98000E+01, 2.95000E+01, 2.57000E+01,0,
 4.510000000E+02, 2.87000E+01, 2.97000E+01, 2.95000E+01, 2.57000E+01,0,
 4.520000000E+02, 2.87000E+01, 2.97000E+01, 2.95000E+01, 2.57000E+01,0,
 4.530000000E+02, 2.87000E+01, 2.98000E+01, 2.95000E+01, 2.57000E+01,0,
 4.540000000E+02, 2.87000E+01, 2.98000E+01, 2.96000E+01, 2.57000E+01,0,
 4.550000000E+02, 2.87000E+01, 2.99000E+01, 2.96000E+01, 2.57000E+01,0,
 4.560000000E+02, 2.88000E+01, 2.99000E+01, 2.96000E+01, 2.58000E+01,0,
 4.570000000E+02, 2.88000E+01, 3.00000E+01, 2.97000E+01, 2.58000E+01,0,
 4.580000000E+02, 2.88000E+01, 2.99000E+01, 2.97000E+01, 2.58000E+01,0,
 4.590000000E+02, 2.88000E+01, 2.98000E+01, 2.97000E+01, 2.58000E+01,0,
 4.600000000E+02, 2.88000E+01, 2.98000E+01, 2.97000E+01, 2.59000E+01,0,
 4.610000000E+02, 2.88000E+01, 2.97000E+01, 2.97000E+01, 2.59000E+01,0,
 4.620000000E+02, 2.88000E+01, 2.97000E+01, 2.97000E+01, 2.59000E+01,0,
 4.630000000E+02, 2.88000E+01, 2.98000E+01, 2.97000E+01, 2.59000E+01,0,
 4.640000000E+02, 2.88000E+01, 2.99000E+01, 2.96000E+01, 2.59000E+01,0,
 4.650000000E+02, 2.87000E+01, 3.00000E+01, 2.97000E+01, 2.60000E+01,0,
 4.660000000E+02, 2.88000E+01, 3.01000E+01, 2.97000E+01, 2.60000E+01,0,
 4.670000000E+02, 2.89000E+01, 3.01000E+01, 2.96000E+01, 2.60000E+01,0,
 4.680000000E+02, 2.89000E+01, 3.02000E+01, 2.96000E+01, 2.60000E+01,0,
 4.690000000E+02, 2.89000E+01, 3.03000E+01, 2.97000E+01, 2.60000E+01,0,
 4.700000000E+02, 2.88000E+01, 3.03000E+01, 2.97000E+01, 2.60000E+01,0,
 4.710000000E+02, 2.89000E+01, 3.03000E+01, 2.97000E+01, 2.60000E+01,0,
 4.720000000E+02, 2.88000E+01, 3.02000E+01, 2.97000E+01, 2.60000E+01,0,
 4.730000000E+02, 2.89000E+01, 3.00000E+01, 2.98000E+01, 2.60000E+01,0,
 4.740000000E+02, 2.89000E+01, 2.99000E+01, 2.98000E+01, 2.60000E+01,0,
 4.750000000E+02, 2.89000E+01, 3.00000E+01, 2.98000E+01, 2.60000E+01,0,
 4.760000000E+02, 2.89000E+01, 3.01000E+01, 2.99000E+01, 2.60000E+01,0,
 4.770000000E+02, 2.89000E+01, 3.02000E+01, 2.99000E+01, 2.60000E+01,0,
 4.780000000E+02, 2.88000E+01, 3.03000E+01, 2.99000E+01, 2.59000E+01,0,
 4.790000000E+02, 2.87000E+01, 3.03000E+01, 2.99000E+01, 2.59000E+01,0,
 4.800000000E+02, 2.88000E+01, 3.03000E+01, 2.99000E+01, 2.59000E+01,0,
 4.810000000E+02, 2.88000E+01, 3.02000E+01, 2.99000E+01, 2.59000E+01,0,
 4.820000000E+02, 2.88000E+01, 3.03000E+01, 3.00000E+01, 2.59000E+01,0,
 4.830000000E+02, 2.89000E+01, 3.02000E+01, 2.99000E+01, 2.59000E+01,0,
 4.840000000E+02, 2.90000E+01, 3.00000E+01, 2.98000E+01, 2.59000E+01,0,
 4.850000000E+02, 2.90000E+01, 2.99000E+01, 2.95000E+01, 2.59000E+01,0,
 4.860000000E+02, 2.91000E+01, 2.98000E+01, 2.94000E+01, 2.58000E+01,0,
 4.870000000E+02, 2.91000E+01, 2.99000E+01, 2.95000E+01, 2.58000E+01,0,
 4.880000000E+02, 2.91000E+01, 2.99000E+01, 2.95000E+01, 2.57000E+01,0,
 4.890000000E+02, 2.91000E+01, 2.98000E+01, 2.96000E+01, 2.57000E+01,0,
 4.900000000E+02, 2.89000E+01, 2.97000E+01, 2.96000E+01, 2.57000E+01,0,
 4.910000000E+02, 2.89000E+01, 2.98000E+01, 2.96000E+01, 2.57000E+01,0,
 4.920000000E+02, 2.88000E+01, 2.99000E+01, 2.96000E+01, 2.57000E+01,0,
 4.930000000E+02, 2.89000E+01, 3.00000E+01, 2.97000E+01, 2.57000E+01,0,
 4.940000000E+02, 2.89000E+01, 3.01000E+01, 2.97000E+01, 2.58000E+01,0,
 4.950000000E+02, 2.90000E+01, 3.02000E+01, 2.97000E+01, 2.58000E+01,0,
 4.960000000E+02, 2.90000E+01, 3.02000E+01, 2.97000E+01, 2.58000E+01,0,
 4.970000000E+02, 2.89000E+01, 3.03000E+01, 2.98000E+01, 2.58000E+01,0,
 4.980000000E+02, 2.89000E+01, 3.03000E+01, 2.98000E+01, 2.58000E+01,0,
 4.990000000E+02, 2.88000E+01, 3.02000E+01, 2.99000E+01, 2.59000E+01,0,
 5.000000000E+02, 2.89000E+01, 3.00000E+01, 2.97000E+01, 2.58000E+01,0,
 5.010000000E+02, 2.88000E+01, 2.98000E+01, 2.95000E+01, 2.58000E+01,0,
 5.020000000E+02, 2.89000E+01, 2.98000E+01, 2.93000E+01, 2.57000E+01,0,
 5.030000000E+02, 2.89000E+01, 2.98000E+01, 2.92000E+01, 2.56000E+01,0,
 5.040000000E+02, 2.89000E+01, 2.97000E+01, 2.92000E+01, 2.56000E+01,0,
 5.050000000E+02, 2.90000E+01, 2.98000E+01, 2.93000E+01, 2.55000E+01,0,
 5.060000000E+02, 2.90000E+01, 2.98000E+01, 2.93000E+01, 2.55000E+01,0,
 5.070000000E+02, 2.90000E+01, 2.99000E+01, 2.93000E+01, 2.55000E+01,0,
 5.080000000E+02, 2.91000E+01, 3.00000E+01, 2.93000E+01, 2.55000E+01,0,
 5.090000000E+02, 2.91000E+01, 3.01000E+01, 2.94000E+01, 2.56000E+01,0,
 5.100000000E+02, 2.91000E+01, 3.01000E+01, 2.95000E+01, 2.56000E+01,0,
 5.110000000E+02, 2.91000E+01, 3.00000E+01, 2.95000E+01, 2.56000E+01,0,
 5.120000000E+02, 2.91000E+01, 2.98000E+01, 2.96000E+01, 2.56000E+01,0,
 5.130000000E+02, 2.91000E+01, 2.99000E+01, 2.96000E+01, 2.56000E+01,0,
 5.140000000E+02, 2.91000E+01, 3.00000E+01, 2.97000E+01, 2.56000E+01,0,
 5.150000000E+02, 2.91000E+01, 3.00000E+01, 2.97000E+01, 2.56000E+01,0,
 5.160000000E+02, 2.91000E+01, 2.98000E+01, 2.97000E+01, 2.56000E+01,0,
 5.170000000E+02, 2.90000E+01, 2.99000E+01, 2.96000E+01, 2.56000E+01,0,
 5.180000000E+02, 2.89000E+01, 3.01000E+01, 2.97000E+01, 2.57000E+01,0,
 5.190000000E+02, 2.89000E+01, 3.01000E+01, 2.97000E+01, 2.57000E+01,0,
 5.200000000E+02, 2.88000E+01, 3.02000E+01, 2.97000E+01, 2.57000E+01,0,
 5.210000000E+02, 2.88000E+01, 3.02000E+01, 2.98000E+01, 2.58000E+01,0,
 5.220000000E+02, 2.87000E+01, 3.02000E+01, 2.98000E+01, 2.58000E+01,0,
 5.230000000E+02, 2.88000E+01, 3.02000E+01, 2.98000E+01, 2.58000E+01,0,
 5.240000000E+02, 2.88000E+01, 3.02000E+01, 2.98000E+01, 2.58000E+01,0,
 5.250000000E+02, 2.87000E+01, 3.02000E+01, 2.98000E+01, 2.58000E+01,0,
 5.260000000E+02, 2.87000E+01, 3.02000E+01, 2.98000E+01, 2.57000E+01,0,
 5.270000000E+02, 2.87000E+01, 3.02000E+01, 2.98000E+01, 2.57000E+01,0,
 5.280000000E+02, 2.87000E+01, 3.01000E+01, 2.98000E+01, 2.57000E+01,0,
 5.290000000E+02, 2.87000E+01, 3.01000E+01, 2.98000E+01, 2.57000E+01,0,
 5.300000000E+02, 2.88000E+01, 3.01000E+01, 2.98000E+01, 2.57000E+01,0,
 5.310000000E+02, 2.88000E+01, 2.99000E+01, 2.98000E+01, 2.57000E+01,0,
 5.320000000E+02, 2.88000E+01, 2.98000E+01, 2.98000E+01, 2.57000E+01,0,
 5.330000000E+02, 2.89000E+01, 2.97000E+01, 2.98000E+01, 2.57000E+01,0,
 5.340000000E+02, 2.90000E+01, 2.97000E+01, 2.98000E+01, 2.57000E+01,0,
 5.350000000E+02, 2.90000E+01, 2.97000E+01, 3.00000E+01, 2.58000E+01,0,
 5.360000000E+02, 2.90000E+01, 2.96000E+01, 3.00000E+01, 2.58000E+01,0,
 5.370000000E+02, 2.89000E+01, 2.96000E+01, 2.99000E+01, 2.58000E+01,0,
 5.380000000E+02, 2.89000E+01, 2.95000E+01, 2.98000E+01, 2.58000E+01,0,
 5.390000000E+02, 2.88000E+01, 2.95000E+01, 2.96000E+01, 2.58000E+01,0,
 5.400000000E+02, 2.89000E+01, 2.95000E+01, 2.95000E+01, 2.57000E+01,0,
 5.410000000E+02, 2.89000E+01, 2.96000E+01, 2.94000E+01, 2.58000E+01,0,
 5.420000000E+02, 2.89000E+01, 2.97000E+01, 2.95000E+01, 2.57000E+01,0,
 5.430000000E+02, 2.90000E+01, 2.97000E+01, 2.96000E+01, 2.57000E+01,0,
 5.440000000E+02, 2.90000E+01, 2.97000E+01, 2.96000E+01, 2.57000E+01,0,
 5.450000000E+02, 2.91000E+01, 2.97000E+01, 2.96000E+01, 2.57000E+01,0,
 5.460000000E+02, 2.91000E+01, 2.97000E+01, 2.96000E+01, 2.57000E+01,0,
 5.470000000E+02, 2.90000E+01, 2.97000E+01, 2.96000E+01, 2.57000E+01,0,
 5.480000000E+02, 2.90000E+01, 2.98000E+01, 2.97000E+01, 2.58000E+01,0,
 5.490000000E+02, 2.90000E+01, 2.98000E+01, 2.97000E+01, 2.58000E+01,0,
 5.500000000E+02, 2.89000E+01, 2.97000E+01, 2.97000E+01, 2.58000E+01,0,
 5.510000000E+02, 2.89000E+01, 2.98000E+01, 2.96000E+01, 2.57000E+01,0,
 5.520000000E+02, 2.90000E+01, 2.99000E+01, 2.97000E+01, 2.58000E+01,0,
 5.530000000E+02, 2.91000E+01, 3.00000E+01, 2.96000E+01, 2.57000E+01,0,
 5.540000000E+02, 2.91000E+01, 3.00000E+01, 2.97000E+01, 2.57000E+01,0,
 5.550000000E+02, 2.90000E+01, 3.00000E+01, 2.98000E+01, 2.58000E+01,0,
 5.560000000E+02, 2.89000E+01, 2.99000E+01, 2.98000E+01, 2.58000E+01,0,
 5.570000000E+02, 2.89000E+01, 2.98000E+01, 2.98000E+01, 2.58000E+01,0,
 5.580000000E+02, 2.88000E+01, 2.99000E+01, 2.99000E+01, 2.58000E+01,0,
 5.590000000E+02, 2.88000E+01, 3.00000E+01, 2.99000E+01, 2.58000E+01,0,
 5.600000000E+02, 2.89000E+01, 3.00000E+01, 3.00000E+01, 2.58000E+01,0,
 5.610000000E+02, 2.88000E+01, 2.99000E+01, 3.00000E+01, 2.59000E+01,0,
 5.620000000E+02, 2.88000E+01, 2.98000E+01, 3.01000E+01, 2.59000E+01,0,
 5.630000000E+02, 2.87000E+01, 2.97000E+01, 3.01000E+01, 2.59000E+01,0,
 5.640000000E+02, 2.88000E+01, 2.97000E+01, 3.01000E+01, 2.59000E+01,0,
 5.650000000E+02, 2.89000E+01, 2.97000E+01, 3.00000E+01, 2.59000E+01,0,
 5.660000000E+02, 2.90000E+01, 2.98000E+01, 3.00000E+01, 2.58000E+01,0,
 5.670000000E+02, 2.90000E+01, 2.98000E+01, 3.00000E+01, 2.58000E+01,0,
 5.680000000E+02, 2.90000E+01, 2.98000E+01, 3.00000E+01, 2.58000E+01,0,
 5.690000000E+02, 2.90000E+01, 2.97000E+01, 3.00000E+01, 2.58000E+01,0,
 5.700000000E+02, 2.89000E+01, 2.96000E+01, 3.00000E+01, 2.58000E+01,0,
 5.710000000E+02, 2.88000E+01, 2.95000E+01, 3.01000E+01, 2.59000E+01,0,
 5.720000000E+02, 2.88000E+01, 2.94000E+01, 3.01000E+01, 2.58000E+01,0,
 5.730000000E+02, 2.88000E+01, 2.94000E+01, 2.99000E+01, 2.58000E+01,0,
 5.740000000E+02, 2.88000E+01, 2.94000E+01, 2.96000E+01, 2.57000E+01,0,
 5.750000000E+02, 2.90000E+01, 2.95000E+01, 2.95000E+01, 2.56000E+01,0,
 5.760000000E+02, 2.90000E+01, 2.95000E+01, 2.94000E+01, 2.56000E+01,0,
 5.770000000E+02, 2.89000E+01, 2.96000E+01, 2.94000E+01, 2.55000E+01,0,
 5.780000000E+02, 2.89000E+01, 2.97000E+01, 2.94000E+01, 2.56000E+01,0,
 5.790000000E+02, 2.88000E+01, 2.97000E+01, 2.94000E+01, 2.56000E+01,0,
 5.800000000E+02, 2.88000E+01, 2.96000E+01, 2.95000E+01, 2.56000E+01,0,
 5.810000000E+02, 2.89000E+01, 2.97000E+01, 2.95000E+01, 2.56000E+01,0,
 5.820000000E+02, 2.89000E+01, 2.97000E+01, 2.95000E+01, 2.56000E+01,0,
 5.830000000E+02, 2.89000E+01, 2.96000E+01, 2.95000E+01, 2.56000E+01,0,
 5.840000000E+02, 2.90000E+01, 2.97000E+01, 2.96000E+01, 2.56000E+01,0,
 5.850000000E+02, 2.90000E+01, 2.97000E+01, 2.96000E+01, 2.56000E+01,0,
 5.860000000E+02, 2.89000E+01, 2.96000E+01, 2.97000E+01, 2.57000E+01,0,
 5.870000000E+02, 2.88000E+01, 2.96000E+01, 2.97000E+01, 2.57000E+01,0,
 5.880000000E+02, 2.88000E+01, 2.95000E+01, 2.95000E+01, 2.57000E+01,0,
 5.890000000E+02, 2.88000E+01, 2.96000E+01, 2.96000E+01, 2.56000E+01,0,
 5.900000000E+02, 2.88000E+01, 2.96000E+01, 2.96000E+01, 2.57000E+01,0,
 5.910000000E+02, 2.88000E+01, 2.95000E+01, 2.97000E+01, 2.57000E+01,0,
 5.920000000E+02, 2.88000E+01, 2.95000E+01, 2.97000E+01, 2.57000E+01,0,
 5.930000000E+02, 2.88000E+01, 2.96000E+01, 2.98000E+01, 2.57000E+01,0,
 5.940000000E+02, 2.89000E+01, 2.96000E+01, 2.98000E+01, 2.57000E+01,0,
 5.950000000E+02, 2.89000E+01, 2.95000E+01, 2.97000E+01, 2.57000E+01,0,
 5.960000000E+02, 2.89000E+01, 2.93000E+01, 2.95000E+01, 2.57000E+01,0,
 5.970000000E+02, 2.88000E+01, 2.92000E+01, 2.94000E+01, 2.56000E+01,0,
 5.980000000E+02, 2.88000E+01, 2.91000E+01, 2.93000E+01, 2.56000E+01,0,
 5.990000000E+02, 2.88000E+01, 2.92000E+01, 2.92000E+01, 2.55000E+01,0,
 6.000000000E+02, 2.88000E+01, 2.92000E+01, 2.91000E+01, 2.55000E+01,0,
 6.010000000E+02, 2.88000E+01, 2.92000E+01, 2.92000E+01, 2.55000E+01,0,
 6.020000000E+02, 2.88000E+01, 2.91000E+01, 2.93000E+01, 2.54000E+01,0,
 6.030000000E+02, 2.88000E+01, 2.89000E+01, 2.93000E+01, 2.55000E+01,0,
 6.040000000E+02, 2.88000E+01, 2.88000E+01, 2.92000E+01, 2.54000E+01,0,
 6.050000000E+02, 2.87000E+01, 2.87000E+01, 2.92000E+01, 2.53000E+01,0,
 6.060000000E+02, 2.87000E+01, 2.86000E+01, 2.92000E+01, 2.54000E+01,0,
 6.070000000E+02, 2.86000E+01, 2.86000E+01, 2.92000E+01, 2.54000E+01,0,
 6.080000000E+02, 2.86000E+01, 2.86000E+01, 2.91000E+01, 2.54000E+01,0,
 6.090000000E+02, 2.85000E+01, 2.86000E+01, 2.91000E+01, 2.55000E+01,0,
 6.100000000E+02, 2.84000E+01, 2.84000E+01, 2.91000E+01, 2.55000E+01,0,
 6.110000000E+02, 2.83000E+01, 2.83000E+01, 2.91000E+01, 2.56000E+01,0,
